,nombre,equipo,posicion,valor_en_M,ritmo,tiro,pase,regate,defensa,fisico,salto,estirada,parada,saque,colocacion,reflejo
0,M. TER STEGEN,FC BARCELONA,PORTERO,['35.77'],,,,,,,79.0,88.0,85.0,88.0,88.0,90.0
1,INAKI PENA,FC BARCELONA,PORTERO,['2.87'],,,,,,,64.0,66.0,64.0,67.0,65.0,69.0
2,ARNAU TENAS,FC BARCELONA,PORTERO,,,,,,,,71.5,77.0,74.5,77.5,76.5,79.5
3,J. KOUNDE,FC BARCELONA,DEFENSA,['80.88'],79.0,38.0,61.0,73.0,63.0,80.0,,,,,,
4,JORDI ALBA,FC BARCELONA,DEFENSA,['36.58'],87.0,67.0,81.0,86.0,68.0,80.0,,,,,,
5,A. CHRISTENSEN,FC BARCELONA,DEFENSA,['63.47'],66.0,26.0,59.0,66.0,57.0,71.0,,,,,,
6,R. ARAUJO,FC BARCELONA,DEFENSA,['36.62'],72.0,37.0,46.0,55.0,49.0,66.0,,,,,,
7,M. ALONSO,FC BARCELONA,DEFENSA,['19.68'],65.0,82.0,77.0,73.0,60.0,76.0,,,,,,
8,E. GARCIA,FC BARCELONA,DEFENSA,['34.00'],63.0,40.0,56.0,63.0,52.0,70.0,,,,,,
9,SERGI ROBERTO,FC BARCELONA,DEFENSA,['11.59'],76.0,64.0,80.0,75.0,62.0,70.0,,,,,,
10,H. BELLERIN,FC BARCELONA,DEFENSA,['13.79'],84.0,50.0,68.0,79.0,62.0,70.0,,,,,,
11,ALEX BALDE,FC BARCELONA,DEFENSA,,74.0,50.5,66.0,71.25,59.125,72.875,,,,,,
12,CHADI RIAD,FC BARCELONA,DEFENSA,,74.0,50.5,66.0,71.25,59.125,72.875,,,,,,
13,F. DE JONG,FC BARCELONA,CENTROCAMPISTA,['93.60'],81.0,70.0,84.0,85.0,65.0,82.0,,,,,,
14,PEDRI,FC BARCELONA,CENTROCAMPISTA,['79.03'],81.0,58.0,74.0,83.0,59.0,70.0,,,,,,
15,S. BUSQUETS,FC BARCELONA,CENTROCAMPISTA,['15.99'],42.0,59.0,76.0,68.0,63.0,74.0,,,,,,
16,F. KESSIE,FC BARCELONA,CENTROCAMPISTA,['37.57'],71.0,65.0,71.0,74.0,65.0,79.0,,,,,,
17,GAVI,FC BARCELONA,CENTROCAMPISTA,['40.74'],69.0,52.0,70.0,74.0,52.0,58.0,,,,,,
18,PABLO TORRE,FC BARCELONA,CENTROCAMPISTA,,68.8,60.8,75.0,76.8,60.8,72.6,,,,,,
19,MARC CASADO,FC BARCELONA,CENTROCAMPISTA,,68.8,60.8,75.0,76.8,60.8,72.6,,,,,,
20,R. LEWANDOWSKI,FC BARCELONA,DELANTERO,['68.85'],78.0,86.0,77.0,82.0,48.0,83.0,,,,,,
21,FERRAN TORRES,FC BARCELONA,DELANTERO,['84.65'],84.0,71.0,78.0,84.0,40.0,75.0,,,,,,
22,O. DEMBELE,FC BARCELONA,DELANTERO,['30.68'],94.0,76.0,79.0,89.0,43.0,69.0,,,,,,
23,RAPHINHA,FC BARCELONA,DELANTERO,['30.34'],91.0,77.0,76.0,86.0,51.0,79.0,,,,,,
24,ANSU FATI,FC BARCELONA,DELANTERO,['15.93'],89.0,61.0,68.0,84.0,38.0,70.0,,,,,,
25,ANGEL ALARCON,FC BARCELONA,DELANTERO,,87.2,74.2,75.6,85.0,44.0,75.2,,,,,,
26,T. COURTOIS,REAL MADRID,PORTERO,['85.13'],,,,,,,68.0,84.0,89.0,74.0,86.0,88.0
27,A. LUNIN,REAL MADRID,PORTERO,['3.44'],,,,,,,56.0,72.0,71.0,74.0,75.0,77.0
28,D. PINEIRO,REAL MADRID,PORTERO,,,,,,,,62.0,78.0,80.0,74.0,80.5,82.5
29,LUIS LOPEZ,REAL MADRID,PORTERO,,,,,,,,62.0,78.0,80.0,74.0,80.5,82.5
30,LUCAS CANIZARES,REAL MADRID,PORTERO,,,,,,,,62.0,78.0,80.0,74.0,80.5,82.5
31,D. ALABA,REAL MADRID,DEFENSA,['60.02'],84.0,79.0,80.0,82.0,80.0,80.0,,,,,,
32,A. RUDIGER,REAL MADRID,DEFENSA,['83.90'],70.0,48.0,62.0,62.0,56.0,73.0,,,,,,
33,EDER MILITAO,REAL MADRID,DEFENSA,['66.78'],81.0,48.0,67.0,72.0,62.0,80.0,,,,,,
34,CARVAJAL,REAL MADRID,DEFENSA,['40.40'],80.0,57.0,78.0,80.0,68.0,81.0,,,,,,
35,F. MENDY,REAL MADRID,DEFENSA,['31.72'],92.0,58.0,77.0,82.0,67.0,82.0,,,,,,
36,LUCAS VAZQUEZ,REAL MADRID,DEFENSA,['10.12'],82.0,74.0,80.0,81.0,61.0,76.0,,,,,,
37,NACHO,REAL MADRID,DEFENSA,['8.86'],78.0,42.0,63.0,69.0,60.0,77.0,,,,,,
38,A. ODRIOZOLA,REAL MADRID,DEFENSA,['5.23'],84.0,53.0,72.0,77.0,62.0,71.0,,,,,,
39,J. VALLEJO,REAL MADRID,DEFENSA,['2.99'],70.0,35.0,52.0,65.0,55.0,70.0,,,,,,
40,L. MODRIC,REAL MADRID,CENTROCAMPISTA,['1.09'],73.0,80.0,88.0,86.0,66.0,77.0,,,,,,
41,T. KROOS,REAL MADRID,CENTROCAMPISTA,['27.76'],54.0,85.0,90.0,72.0,60.0,66.0,,,,,,
42,F. VALVERDE,REAL MADRID,CENTROCAMPISTA,['55.33'],86.0,73.0,77.0,80.0,64.0,77.0,,,,,,
43,A. TCHOUAMENI,REAL MADRID,CENTROCAMPISTA,['72.45'],70.0,60.0,72.0,72.0,60.0,75.0,,,,,,
44,E. CAMAVINGA,REAL MADRID,CENTROCAMPISTA,['21.60'],73.0,65.0,75.0,79.0,63.0,76.0,,,,,,
45,D. CEBALLOS,REAL MADRID,CENTROCAMPISTA,['6.90'],62.0,71.0,77.0,78.0,60.0,68.0,,,,,,
46,K. BENZEMA,REAL MADRID,DELANTERO,['34.09'],75.0,81.0,80.0,83.0,40.0,81.0,,,,,,
47,VINICIUS JR.,REAL MADRID,DELANTERO,['99.31'],95.0,70.0,72.0,91.0,38.0,77.0,,,,,,
48,RODRYGO,REAL MADRID,DELANTERO,['34.74'],87.0,72.0,71.0,85.0,43.0,72.0,,,,,,
49,M. ASENSIO,REAL MADRID,DELANTERO,['25.29'],85.0,82.0,83.0,84.0,51.0,70.0,,,,,,
50,E. HAZARD,REAL MADRID,DELANTERO,['17.45'],87.0,81.0,82.0,90.0,44.0,73.0,,,,,,
51,MARIANO,REAL MADRID,DELANTERO,['2.55'],77.0,77.0,61.0,75.0,45.0,79.0,,,,,,
52,A. RODRIGUEZ,REAL MADRID,DELANTERO,,84.33333333333333,77.16666666666667,74.83333333333333,84.66666666666667,43.5,75.33333333333333,,,,,,
53,ALEX REMIRO,REAL SOCIEDAD,PORTERO,['23.45'],,,,,,,66.0,83.0,73.0,79.0,84.0,81.0
54,A. ZUBIAURRE,REAL SOCIEDAD,PORTERO,['1.47'],,,,,,,49.0,65.0,66.0,67.0,63.0,68.0
55,UNAI MARRERO,REAL SOCIEDAD,PORTERO,,,,,,,,57.5,74.0,69.5,73.0,73.5,74.5
56,E. ARANA,REAL SOCIEDAD,PORTERO,,,,,,,,57.5,74.0,69.5,73.0,73.5,74.5
57,R. LE NORMAND,REAL SOCIEDAD,DEFENSA,['23.63'],60.0,28.0,45.0,50.0,51.0,67.0,,,,,,
58,A. ELUSTONDO,REAL SOCIEDAD,DEFENSA,['13.78'],67.0,41.0,57.0,62.0,56.0,73.0,,,,,,
59,GOROSABEL,REAL SOCIEDAD,DEFENSA,['12.45'],75.0,47.0,67.0,71.0,60.0,70.0,,,,,,
60,I. ZUBELDIA,REAL SOCIEDAD,DEFENSA,['13.17'],69.0,66.0,74.0,70.0,63.0,78.0,,,,,,
61,DIEGO RICO,REAL SOCIEDAD,DEFENSA,['7.66'],72.0,68.0,69.0,70.0,59.0,73.0,,,,,,
62,AIHEN MUNOZ,REAL SOCIEDAD,DEFENSA,['9.66'],78.0,51.0,70.0,72.0,60.0,69.0,,,,,,
63,J. PACHECO,REAL SOCIEDAD,DEFENSA,,70.57142857142857,49.42857142857143,63.42857142857143,67.0,57.714285714285715,71.42857142857143,,,,,,
64,ALEX SOLA,REAL SOCIEDAD,DEFENSA,['2.39'],73.0,45.0,62.0,74.0,55.0,70.0,,,,,,
65,URKO GONZALEZ,REAL SOCIEDAD,DEFENSA,,70.57142857142857,49.42857142857143,63.42857142857143,67.0,57.714285714285715,71.42857142857143,,,,,,
66,J. GOMEZ,REAL SOCIEDAD,DEFENSA,,70.57142857142857,49.42857142857143,63.42857142857143,67.0,57.714285714285715,71.42857142857143,,,,,,
67,MIKEL MERINO,REAL SOCIEDAD,CENTROCAMPISTA,['30.32'],74.0,73.0,80.0,79.0,66.0,81.0,,,,,,
68,BRAIS MENDEZ,REAL SOCIEDAD,CENTROCAMPISTA,['20.47'],72.0,73.0,75.0,73.0,45.0,68.0,,,,,,
69,D. SILVA,REAL SOCIEDAD,CENTROCAMPISTA,['0.79'],65.0,77.0,87.0,83.0,51.0,70.0,,,,,,
70,ZUBIMENDI,REAL SOCIEDAD,CENTROCAMPISTA,['23.86'],65.0,53.0,69.0,67.0,59.0,71.0,,,,,,
71,A. ILLARRAMENDI,REAL SOCIEDAD,CENTROCAMPISTA,['3.45'],65.0,69.0,78.0,75.0,79.0,73.0,,,,,,
72,A. GUEVARA,REAL SOCIEDAD,CENTROCAMPISTA,['6.87'],57.0,57.0,71.0,69.0,60.0,70.0,,,,,,
73,ROBERT NAVARRO,REAL SOCIEDAD,CENTROCAMPISTA,,66.33333333333333,67.0,76.66666666666667,74.33333333333333,60.0,72.16666666666667,,,,,,
74,OLASAGASTI,REAL SOCIEDAD,CENTROCAMPISTA,,66.33333333333333,67.0,76.66666666666667,74.33333333333333,60.0,72.16666666666667,,,,,,
75,BENAT TURRIENTES,REAL SOCIEDAD,CENTROCAMPISTA,,66.33333333333333,67.0,76.66666666666667,74.33333333333333,60.0,72.16666666666667,,,,,,
76,MAGUNA,REAL SOCIEDAD,CENTROCAMPISTA,,66.33333333333333,67.0,76.66666666666667,74.33333333333333,60.0,72.16666666666667,,,,,,
77,A. SORLOTH,REAL SOCIEDAD,DELANTERO,['37.56'],80.0,70.0,67.0,68.0,36.0,73.0,,,,,,
78,U. SADIQ,REAL SOCIEDAD,DELANTERO,['7.29'],81.0,61.0,56.0,73.0,29.0,72.0,,,,,,
79,M. OYARZABAL,REAL SOCIEDAD,DELANTERO,['44.80'],82.0,78.0,80.0,84.0,43.0,75.0,,,,,,
80,T. KUBO,REAL SOCIEDAD,DELANTERO,['20.64'],83.0,65.0,66.0,86.0,45.0,67.0,,,,,,
81,M. ALI CHO,REAL SOCIEDAD,DELANTERO,,78.71428571428571,66.42857142857143,66.57142857142857,77.42857142857143,38.57142857142857,70.28571428571429,,,,,,
82,C. FERNANDEZ,REAL SOCIEDAD,DELANTERO,['4.22'],69.0,60.0,60.0,74.0,32.0,71.0,,,,,,
83,A. BARRENETXEA,REAL SOCIEDAD,DELANTERO,['8.21'],82.0,55.0,63.0,82.0,33.0,69.0,,,,,,
84,ANDER MARTIN,REAL SOCIEDAD,DELANTERO,,78.71428571428571,66.42857142857143,66.57142857142857,77.42857142857143,38.57142857142857,70.28571428571429,,,,,,
85,MERQUELANZ,REAL SOCIEDAD,DELANTERO,,74.0,76.0,74.0,75.0,52.0,65.0,,,,,,
86,PABLO MARIN,REAL SOCIEDAD,DELANTERO,,78.71428571428571,66.42857142857143,66.57142857142857,77.42857142857143,38.57142857142857,70.28571428571429,,,,,,
87,J. OBLAK,ATLETICO DE MADRID,PORTERO,['80.68'],,,,,,,78.0,87.0,92.0,78.0,90.0,90.0
88,I. GRBIC,ATLETICO DE MADRID,PORTERO,,,,,,,,78.0,87.0,92.0,78.0,90.0,90.0
89,A. ITURBE,ATLETICO DE MADRID,PORTERO,,,,,,,,78.0,87.0,92.0,78.0,90.0,90.0
90,ANTONIO GOMIS,ATLETICO DE MADRID,PORTERO,,,,,,,,78.0,87.0,92.0,78.0,90.0,90.0
91,SERGIO MESTRE,ATLETICO DE MADRID,PORTERO,,,,,,,,78.0,87.0,92.0,78.0,90.0,90.0
92,J. GIMENEZ,ATLETICO DE MADRID,DEFENSA,['56.13'],72.0,46.0,53.0,61.0,56.0,73.0,,,,,,
93,N. MOLINA,ATLETICO DE MADRID,DEFENSA,['68.40'],77.0,56.0,66.0,73.0,57.0,71.0,,,,,,
94,REINILDO,ATLETICO DE MADRID,DEFENSA,['22.53'],77.0,50.0,65.0,73.0,61.0,74.0,,,,,,
95,S. SAVIC,ATLETICO DE MADRID,DEFENSA,['17.93'],62.0,33.0,50.0,59.0,54.0,71.0,,,,,,
96,REGUILON,ATLETICO DE MADRID,DEFENSA,['14.50'],86.0,59.0,75.0,80.0,64.0,72.0,,,,,,
97,FELIPE,ATLETICO DE MADRID,DEFENSA,['7.58'],62.0,39.0,54.0,61.0,56.0,79.0,,,,,,
98,M. HERMOSO,ATLETICO DE MADRID,DEFENSA,['13.64'],85.0,49.0,61.0,73.0,73.0,75.0,,,,,,
99,SERGIO DIEZ,ATLETICO DE MADRID,DEFENSA,,74.42857142857143,47.42857142857143,60.57142857142857,68.57142857142857,60.142857142857146,73.57142857142857,,,,,,
100,MARCO MORENO,ATLETICO DE MADRID,DEFENSA,,74.42857142857143,47.42857142857143,60.57142857142857,68.57142857142857,60.142857142857146,73.57142857142857,,,,,,
101,ADRIAN CORRAL,ATLETICO DE MADRID,DEFENSA,,74.42857142857143,47.42857142857143,60.57142857142857,68.57142857142857,60.142857142857146,73.57142857142857,,,,,,
102,M. LLORENTE,ATLETICO DE MADRID,CENTROCAMPISTA,['38.94'],87.0,72.0,80.0,83.0,65.0,81.0,,,,,,
103,KOKE,ATLETICO DE MADRID,CENTROCAMPISTA,['51.76'],67.0,76.0,85.0,76.0,66.0,78.0,,,,,,
104,R. DE PAUL,ATLETICO DE MADRID,CENTROCAMPISTA,['63.62'],75.0,77.0,83.0,81.0,54.0,71.0,,,,,,
105,A. WITSEL,ATLETICO DE MADRID,CENTROCAMPISTA,['17.82'],61.0,72.0,78.0,74.0,64.0,80.0,,,,,,
106,T. LEMAR,ATLETICO DE MADRID,CENTROCAMPISTA,['17.37'],80.0,80.0,81.0,85.0,59.0,74.0,,,,,,
107,G. KONDOGBIA,ATLETICO DE MADRID,CENTROCAMPISTA,['10.25'],69.0,70.0,73.0,74.0,64.0,81.0,,,,,,
108,SAUL,ATLETICO DE MADRID,CENTROCAMPISTA,['17.92'],71.0,74.0,78.0,77.0,64.0,80.0,,,,,,
109,AITOR GISMERA,ATLETICO DE MADRID,CENTROCAMPISTA,,72.85714285714286,74.42857142857143,79.71428571428571,78.57142857142857,62.285714285714285,77.85714285714286,,,,,,
110,A. MORENO,ATLETICO DE MADRID,CENTROCAMPISTA,,72.85714285714286,74.42857142857143,79.71428571428571,78.57142857142857,62.285714285714285,77.85714285714286,,,,,,
111,A. GRIEZMANN,ATLETICO DE MADRID,DELANTERO,['82.99'],80.0,84.0,84.0,86.0,54.0,84.0,,,,,,
112,A. MORATA,ATLETICO DE MADRID,DELANTERO,['86.65'],82.0,70.0,73.0,79.0,35.0,79.0,,,,,,
113,Y. CARRASCO,ATLETICO DE MADRID,DELANTERO,['44.92'],87.0,79.0,77.0,85.0,46.0,75.0,,,,,,
114,MEMPHIS,ATLETICO DE MADRID,DELANTERO,['79.53'],83.0,82.0,82.0,84.0,41.0,79.0,,,,,,
115,A. CORREA,ATLETICO DE MADRID,DELANTERO,['18.72'],84.0,79.0,76.0,87.0,53.0,74.0,,,,,,
116,C. MARTIN,ATLETICO DE MADRID,DELANTERO,,83.2,78.8,78.4,84.2,45.8,78.2,,,,,,
117,J. REINA,VILLARREAL,PORTERO,['0.08'],,,,,,,71.0,79.0,79.0,80.0,80.0,79.0
118,F. JORGENSEN,VILLARREAL,PORTERO,,,,,,,,71.0,79.0,79.0,80.0,80.0,79.0
119,IKER ALVAREZ,VILLARREAL,PORTERO,,,,,,,,71.0,79.0,79.0,80.0,80.0,79.0
120,R. ALBIOL,VILLARREAL,DEFENSA,['0.89'],46.0,49.0,60.0,58.0,57.0,69.0,,,,,,
121,PAU,VILLARREAL,DEFENSA,['84.68'],68.0,42.0,64.0,70.0,57.0,76.0,,,,,,
122,A. PEDRAZA,VILLARREAL,DEFENSA,['17.70'],79.0,68.0,71.0,77.0,60.0,76.0,,,,,,
123,J. FOYTH,VILLARREAL,DEFENSA,['21.59'],68.0,49.0,66.0,71.0,58.0,73.0,,,,,,
124,A. MANDI,VILLARREAL,DEFENSA,['15.15'],68.0,53.0,74.0,71.0,63.0,75.0,,,,,,
125,J. MOJICA,VILLARREAL,DEFENSA,['10.53'],90.0,64.0,71.0,77.0,57.0,71.0,,,,,,
126,J. CUENCA,VILLARREAL,DEFENSA,['19.29'],56.0,35.0,50.0,50.0,49.0,64.0,,,,,,
127,ALBERTO MORENO,VILLARREAL,DEFENSA,['8.33'],82.0,60.0,68.0,78.0,62.0,75.0,,,,,,
128,K. FEMENIA,VILLARREAL,DEFENSA,['4.95'],75.0,59.0,69.0,75.0,61.0,71.0,,,,,,
129,MAMADOU FALL,VILLARREAL,DEFENSA,,70.22222222222223,53.22222222222222,65.88888888888889,69.66666666666667,58.22222222222222,72.22222222222223,,,,,,
130,D. PAREJO,VILLARREAL,CENTROCAMPISTA,['16.64'],51.0,84.0,89.0,71.0,62.0,68.0,,,,,,
131,E. CAPOUE,VILLARREAL,CENTROCAMPISTA,['5.81'],51.0,72.0,74.0,60.0,62.0,68.0,,,,,,
132,G. LO CELSO,VILLARREAL,CENTROCAMPISTA,['32.97'],77.0,78.0,82.0,82.0,61.0,75.0,,,,,,
133,MANU TRIGUEROS,VILLARREAL,CENTROCAMPISTA,['14.58'],55.0,73.0,78.0,71.0,59.0,71.0,,,,,,
134,F. COQUELIN,VILLARREAL,CENTROCAMPISTA,['6.93'],73.0,61.0,75.0,78.0,67.0,80.0,,,,,,
135,ALEX BAENA,VILLARREAL,CENTROCAMPISTA,,62.666666666666664,72.16666666666667,78.16666666666667,72.83333333333333,61.166666666666664,71.33333333333333,,,,,,
136,MANU MORLANES,VILLARREAL,CENTROCAMPISTA,['7.11'],69.0,65.0,71.0,75.0,56.0,66.0,,,,,,
137,A. DEL MORAL,VILLARREAL,CENTROCAMPISTA,,62.666666666666664,72.16666666666667,78.16666666666667,72.83333333333333,61.166666666666664,71.33333333333333,,,,,,
138,C. ADRIANO,VILLARREAL,CENTROCAMPISTA,,62.666666666666664,72.16666666666667,78.16666666666667,72.83333333333333,61.166666666666664,71.33333333333333,,,,,,
139,GERARD MORENO,VILLARREAL,DELANTERO,['32.25'],79.0,76.0,77.0,82.0,47.0,79.0,,,,,,
140,S. CHUKWUEZE,VILLARREAL,DELANTERO,['24.55'],89.0,70.0,67.0,87.0,43.0,72.0,,,,,,
141,YEREMY,VILLARREAL,DELANTERO,,80.25,70.75,69.0,80.0,45.5,73.5,,,,,,
142,MORALES,VILLARREAL,DELANTERO,['2.64'],86.0,79.0,76.0,84.0,54.0,73.0,,,,,,
143,N. JACKSON,VILLARREAL,DELANTERO,,80.25,70.75,69.0,80.0,45.5,73.5,,,,,,
144,FER NINO,VILLARREAL,DELANTERO,['4.39'],67.0,58.0,56.0,67.0,38.0,70.0,,,,,,
145,DIEGO COLLADO,VILLARREAL,DELANTERO,,80.25,70.75,69.0,80.0,45.5,73.5,,,,,,
146,RUI SILVA,BETIS,PORTERO,['12.88'],,,,,,,62.0,82.0,76.0,76.0,82.0,83.0
147,CLAUDIO BRAVO,BETIS,PORTERO,['0.09'],,,,,,,81.0,77.0,77.0,84.0,75.0,77.0
148,DANI MARTIN,BETIS,PORTERO,['1.78'],,,,,,,64.0,70.0,67.0,67.0,69.0,73.0
149,G. PEZZELLA,BETIS,DEFENSA,['18.27'],54.0,43.0,46.0,52.0,55.0,63.0,,,,,,
150,ABNER VINICIUS,BETIS,DEFENSA,,65.625,46.875,59.625,65.0,54.875,67.375,,,,,,
151,Y. SABALY,BETIS,DEFENSA,['14.81'],71.0,42.0,62.0,70.0,62.0,71.0,,,,,,
152,LUIZ FELIPE,BETIS,DEFENSA,['13.11'],76.0,34.0,56.0,70.0,52.0,68.0,,,,,,
153,EDGAR GONZALEZ,BETIS,DEFENSA,['9.27'],52.0,36.0,55.0,57.0,53.0,63.0,,,,,,
154,A. RUIBAL,BETIS,DEFENSA,['8.25'],79.0,58.0,61.0,74.0,45.0,63.0,,,,,,
155,J. MIRANDA,BETIS,DEFENSA,['16.28'],63.0,43.0,60.0,65.0,56.0,65.0,,,,,,
156,V. RUIZ,BETIS,DEFENSA,['4.84'],54.0,50.0,65.0,57.0,55.0,72.0,,,,,,
157,M. MONTOYA,BETIS,DEFENSA,['2.76'],76.0,69.0,72.0,75.0,61.0,74.0,,,,,,
158,FELIX GARRETA,BETIS,DEFENSA,,65.625,46.875,59.625,65.0,54.875,67.375,,,,,,
159,FRAN DELGADO,BETIS,DEFENSA,,65.625,46.875,59.625,65.0,54.875,67.375,,,,,,
160,VISUS,BETIS,DEFENSA,,65.625,46.875,59.625,65.0,54.875,67.375,,,,,,
161,N. FEKIR,BETIS,CENTROCAMPISTA,['21.87'],80.0,81.0,81.0,84.0,47.0,77.0,,,,,,
162,S. CANALES,BETIS,CENTROCAMPISTA,['17.70'],84.0,79.0,84.0,84.0,62.0,71.0,,,,,,
163,G. RODRIGUEZ,BETIS,CENTROCAMPISTA,['33.39'],56.0,56.0,63.0,60.0,57.0,65.0,,,,,,
164,W. CARVALHO,BETIS,CENTROCAMPISTA,['30.59'],43.0,61.0,77.0,59.0,55.0,72.0,,,,,,
165,RODRI,BETIS,CENTROCAMPISTA,,65.28571428571429,67.28571428571429,74.0,71.57142857142857,56.714285714285715,70.85714285714286,,,,,,
166,A. GUARDADO,BETIS,CENTROCAMPISTA,['1.73'],67.0,75.0,79.0,77.0,64.0,74.0,,,,,,
167,PAUL,BETIS,CENTROCAMPISTA,['2.56'],65.0,48.0,62.0,66.0,53.0,65.0,,,,,,
168,CAMARASA,BETIS,CENTROCAMPISTA,['2.17'],62.0,71.0,72.0,71.0,59.0,72.0,,,,,,
169,BORJA IGLESIAS,BETIS,DELANTERO,['14.48'],66.0,63.0,62.0,69.0,39.0,74.0,,,,,,
170,LUIZ HENRIQUE,BETIS,DELANTERO,,68.83333333333333,67.66666666666667,66.33333333333333,72.0,39.0,66.5,,,,,,
171,JUANMI,BETIS,DELANTERO,['10.46'],74.0,67.0,67.0,76.0,39.0,68.0,,,,,,
172,WILLIAN JOSE,BETIS,DELANTERO,['10.94'],65.0,72.0,65.0,71.0,36.0,77.0,,,,,,
173,JOAQUIN,BETIS,DELANTERO,['0.05'],69.0,78.0,84.0,75.0,46.0,59.0,,,,,,
174,LOREN MORON,BETIS,DELANTERO,['3.60'],73.0,71.0,59.0,74.0,34.0,73.0,,,,,,
175,JUAN CRUZ,BETIS,DELANTERO,,68.83333333333333,67.66666666666667,66.33333333333333,72.0,39.0,66.5,,,,,,
176,LARA,BETIS,DELANTERO,['0.41'],66.0,55.0,61.0,67.0,40.0,48.0,,,,,,
177,SERGIO HERRERA,OSASUNA,PORTERO,['9.97'],,,,,,,56.0,80.0,76.0,73.0,73.0,77.0
178,AITOR FERNANDEZ,OSASUNA,PORTERO,['4.39'],,,,,,,80.0,82.0,78.0,70.0,81.0,83.0
179,DARIO RAMOS,OSASUNA,PORTERO,,,,,,,,68.0,81.0,77.0,71.5,77.0,80.0
180,DAVID GARCIA,OSASUNA,DEFENSA,['11.99'],55.0,36.0,58.0,59.0,57.0,69.0,,,,,,
181,NACHO VIDAL,OSASUNA,DEFENSA,['10.17'],77.0,50.0,70.0,71.0,59.0,68.0,,,,,,
182,JUAN CRUZ,OSASUNA,DEFENSA,,67.83333333333333,46.166666666666664,60.166666666666664,65.33333333333333,57.333333333333336,70.83333333333333,,,,,,
183,MANU SANCHEZ,OSASUNA,DEFENSA,['15.97'],73.0,43.0,59.0,70.0,57.0,65.0,,,,,,
184,UNAI,OSASUNA,DEFENSA,['4.72'],63.0,38.0,53.0,57.0,54.0,71.0,,,,,,
185,ARIDANE,OSASUNA,DEFENSA,['3.28'],59.0,46.0,52.0,57.0,53.0,79.0,,,,,,
186,RUBEN PENA,OSASUNA,DEFENSA,['4.32'],80.0,64.0,69.0,78.0,64.0,73.0,,,,,,
187,J. HERRANDO,OSASUNA,DEFENSA,,67.83333333333333,46.166666666666664,60.166666666666664,65.33333333333333,57.333333333333336,70.83333333333333,,,,,,
188,DIEGO MORENO,OSASUNA,DEFENSA,,67.83333333333333,46.166666666666664,60.166666666666664,65.33333333333333,57.333333333333336,70.83333333333333,,,,,,
189,LUCAS TORRO,OSASUNA,CENTROCAMPISTA,['8.15'],44.0,60.0,64.0,64.0,52.0,67.0,,,,,,
190,MONCAYOLA,OSASUNA,CENTROCAMPISTA,['14.05'],68.0,57.0,70.0,69.0,59.0,66.0,,,,,,
191,D. BRASANAC,OSASUNA,CENTROCAMPISTA,['5.52'],59.0,64.0,71.0,69.0,60.0,69.0,,,,,,
192,AIMAR OROZ,OSASUNA,CENTROCAMPISTA,,57.0,60.333333333333336,68.33333333333333,67.33333333333333,57.0,67.33333333333333,,,,,,
193,P. IBANEZ,OSASUNA,CENTROCAMPISTA,,57.0,60.333333333333336,68.33333333333333,67.33333333333333,57.0,67.33333333333333,,,,,,
194,MOI GOMEZ,OSASUNA,DELANTERO,['9.91'],70.0,71.0,78.0,77.0,50.0,70.0,,,,,,
195,CHIMY AVILA,OSASUNA,DELANTERO,['7.74'],82.0,71.0,64.0,77.0,48.0,78.0,,,,,,
196,KIKE GARCIA,OSASUNA,DELANTERO,['5.38'],62.0,65.0,58.0,69.0,38.0,70.0,,,,,,
197,RUBEN GARCIA,OSASUNA,DELANTERO,['8.04'],81.0,74.0,79.0,82.0,48.0,68.0,,,,,,
198,A. BUDIMIR,OSASUNA,DELANTERO,['9.87'],66.0,57.0,44.0,68.0,34.0,67.0,,,,,,
199,KIKE BARJA,OSASUNA,DELANTERO,['5.80'],77.0,51.0,62.0,75.0,37.0,66.0,,,,,,
200,EZ ABDE,OSASUNA,DELANTERO,,73.0,64.83333333333333,64.16666666666667,74.66666666666667,42.5,69.83333333333333,,,,,,
201,IKER BENITO,OSASUNA,DELANTERO,,73.0,64.83333333333333,64.16666666666667,74.66666666666667,42.5,69.83333333333333,,,,,,
202,UNAI SIMON,ATHLETIC CLUB,PORTERO,['96.59'],,,,,,,63.0,82.0,77.0,74.0,84.0,83.0
203,J. AGIRREZABALA,ATHLETIC CLUB,PORTERO,,,,,,,,63.0,82.0,77.0,74.0,84.0,83.0
204,ANDER IRU,ATHLETIC CLUB,PORTERO,,,,,,,,63.0,82.0,77.0,74.0,84.0,83.0
205,I. MARTINEZ,ATHLETIC CLUB,DEFENSA,['24.92'],71.0,63.0,67.0,66.0,60.0,78.0,,,,,,
206,DE MARCOS,ATHLETIC CLUB,DEFENSA,['6.21'],82.0,63.0,74.0,77.0,62.0,78.0,,,,,,
207,YERAY,ATHLETIC CLUB,DEFENSA,['13.16'],69.0,55.0,60.0,63.0,60.0,75.0,,,,,,
208,DANI VIVIAN,ATHLETIC CLUB,DEFENSA,['15.50'],62.0,32.0,48.0,56.0,50.0,68.0,,,,,,
209,YURI,ATHLETIC CLUB,DEFENSA,['7.16'],83.0,71.0,78.0,78.0,63.0,82.0,,,,,,
210,INIGO LEKUE,ATHLETIC CLUB,DEFENSA,['7.01'],83.0,59.0,69.0,77.0,59.0,71.0,,,,,,
211,M. BALENZIAGA,ATHLETIC CLUB,DEFENSA,['3.02'],76.0,55.0,72.0,73.0,58.0,73.0,,,,,,
212,ANDER CAPA,ATHLETIC CLUB,DEFENSA,['5.14'],83.0,68.0,77.0,79.0,66.0,83.0,,,,,,
213,A. PAREDES,ATHLETIC CLUB,DEFENSA,,76.125,58.25,68.125,71.125,59.75,76.0,,,,,,
214,I. MUNIAIN,ATHLETIC CLUB,CENTROCAMPISTA,['16.13'],81.0,76.0,82.0,87.0,52.0,74.0,,,,,,
215,MIKEL VESGA,ATHLETIC CLUB,CENTROCAMPISTA,['8.81'],51.0,54.0,70.0,61.0,56.0,70.0,,,,,,
216,OIHAN SANCET,ATHLETIC CLUB,CENTROCAMPISTA,,62.0,67.2,74.0,72.2,59.2,73.0,,,,,,
217,DANI GARCIA,ATHLETIC CLUB,CENTROCAMPISTA,['6.88'],43.0,63.0,69.0,65.0,65.0,76.0,,,,,,
218,UNAI VENCEDOR,ATHLETIC CLUB,CENTROCAMPISTA,['19.74'],68.0,72.0,72.0,72.0,58.0,72.0,,,,,,
219,A. HERRERA,ATHLETIC CLUB,CENTROCAMPISTA,['4.65'],67.0,71.0,77.0,76.0,65.0,73.0,,,,,,
220,OIER ZARRAGA,ATHLETIC CLUB,CENTROCAMPISTA,,62.0,67.2,74.0,72.2,59.2,73.0,,,,,,
221,I. WILLIAMS,ATHLETIC CLUB,DELANTERO,['30.96'],94.0,73.0,73.0,82.0,39.0,82.0,,,,,,
222,ALEX BERENGUER,ATHLETIC CLUB,DELANTERO,['15.95'],83.0,71.0,72.0,83.0,59.0,73.0,,,,,,
223,RAUL GARCIA,ATHLETIC CLUB,DELANTERO,['0.76'],14.0,16.0,14.0,16.0,15.0,41.0,,,,,,
224,NICO WILLIAMS,ATHLETIC CLUB,DELANTERO,,63.8,55.0,52.4,61.8,36.6,65.8,,,,,,
225,GORKA GURUZETA,ATHLETIC CLUB,DELANTERO,['3.09'],54.0,55.0,50.0,58.0,32.0,58.0,,,,,,
226,ASIER VILLALIBRE,ATHLETIC CLUB,DELANTERO,['6.19'],74.0,60.0,53.0,70.0,38.0,75.0,,,,,,
227,JON MORCILLO,ATHLETIC CLUB,DELANTERO,,63.8,55.0,52.4,61.8,36.6,65.8,,,,,,
228,ADU ARES,ATHLETIC CLUB,DELANTERO,,63.8,55.0,52.4,61.8,36.6,65.8,,,,,,
229,S. DIMITRIEVSKI,RAYO VALLECANO,PORTERO,['26.22'],,,,,,,60.0,74.0,71.0,70.0,75.0,73.0
230,DIEGO LOPEZ,RAYO VALLECANO,PORTERO,['0.09'],,,,,,,65.0,72.0,75.0,71.0,79.0,74.0
231,MIGUEL MORRO,RAYO VALLECANO,PORTERO,['0.85'],,,,,,,45.0,63.0,65.0,61.0,60.0,65.0
232,CATENA,RAYO VALLECANO,DEFENSA,['12.36'],66.0,37.0,49.0,54.0,50.0,69.0,,,,,,
233,FRAN GARCIA,RAYO VALLECANO,DEFENSA,['19.03'],89.0,49.0,58.0,76.0,57.0,64.0,,,,,,
234,I. BALLIU,RAYO VALLECANO,DEFENSA,['10.38'],80.0,50.0,68.0,75.0,57.0,71.0,,,,,,
235,F. LEJEUNE,RAYO VALLECANO,DEFENSA,['6.22'],48.0,54.0,58.0,59.0,56.0,69.0,,,,,,
236,P. CHAVARRIA,RAYO VALLECANO,DEFENSA,,64.5,43.25,52.375,59.625,53.25,65.75,,,,,,
237,A. MUMIN,RAYO VALLECANO,DEFENSA,['5.73'],56.0,27.0,26.0,48.0,49.0,58.0,,,,,,
238,MARIO SUAREZ,RAYO VALLECANO,DEFENSA,['0.69'],59.0,65.0,74.0,67.0,67.0,67.0,,,,,,
239,E. SAVELJICH,RAYO VALLECANO,DEFENSA,['3.56'],47.0,34.0,43.0,41.0,44.0,62.0,,,,,,
240,M. HERNANDEZ,RAYO VALLECANO,DEFENSA,['2.79'],71.0,30.0,43.0,57.0,46.0,66.0,,,,,,
241,OSCAR VALENTIN,RAYO VALLECANO,CENTROCAMPISTA,['6.61'],64.0,48.0,58.0,63.0,56.0,68.0,,,,,,
242,O. TREJO,RAYO VALLECANO,CENTROCAMPISTA,['2.89'],70.0,72.0,72.0,76.0,58.0,78.0,,,,,,
243,S. COMESANA,RAYO VALLECANO,CENTROCAMPISTA,['8.19'],60.0,56.0,61.0,68.0,54.0,68.0,,,,,,
244,UNAI LOPEZ,RAYO VALLECANO,CENTROCAMPISTA,['6.12'],75.0,72.0,77.0,80.0,60.0,76.0,,,,,,
245,P. CISS,RAYO VALLECANO,CENTROCAMPISTA,,68.4,63.0,67.4,72.6,56.6,71.0,,,,,,
246,R. NTEKA,RAYO VALLECANO,CENTROCAMPISTA,,68.4,63.0,67.4,72.6,56.6,71.0,,,,,,
247,J. POZO,RAYO VALLECANO,CENTROCAMPISTA,['2.65'],73.0,67.0,69.0,76.0,55.0,65.0,,,,,,
248,DIEGO MENDEZ,RAYO VALLECANO,CENTROCAMPISTA,,68.4,63.0,67.4,72.6,56.6,71.0,,,,,,
249,P. MUNOZ,RAYO VALLECANO,CENTROCAMPISTA,,68.4,63.0,67.4,72.6,56.6,71.0,,,,,,
250,ALVARO GARCIA,RAYO VALLECANO,DELANTERO,['9.88'],93.0,58.0,65.0,79.0,40.0,72.0,,,,,,
251,ISI PALAZON,RAYO VALLECANO,DELANTERO,['9.40'],85.0,68.0,64.0,80.0,45.0,71.0,,,,,,
252,RAUL DE TOMAS,RAYO VALLECANO,DELANTERO,['17.67'],75.0,77.0,63.0,77.0,38.0,74.0,,,,,,
253,R. FALCAO,RAYO VALLECANO,DELANTERO,['0.35'],63.0,77.0,67.0,73.0,44.0,73.0,,,,,,
254,S. CAMELLO,RAYO VALLECANO,DELANTERO,['8.74'],69.0,59.0,51.0,66.0,32.0,57.0,,,,,,
255,SALVI,RAYO VALLECANO,DELANTERO,,77.85714285714286,67.28571428571429,62.285714285714285,74.14285714285714,38.57142857142857,68.57142857142857,,,,,,
256,BEBE,RAYO VALLECANO,DELANTERO,['2.00'],81.0,74.0,67.0,72.0,35.0,75.0,,,,,,
257,ANDRES MARTIN,RAYO VALLECANO,DELANTERO,['3.07'],79.0,58.0,59.0,72.0,36.0,58.0,,,,,,
258,P. RAJKOVIC,MALLORCA,PORTERO,['28.21'],,,,,,,35.0,77.0,76.0,74.0,79.0,81.0
259,D. GREIF,MALLORCA,PORTERO,,,,,,,,35.0,77.0,76.0,74.0,79.0,81.0
260,LEO ROMAN,MALLORCA,PORTERO,,,,,,,,35.0,77.0,76.0,74.0,79.0,81.0
261,PERE JOAN,MALLORCA,PORTERO,,,,,,,,35.0,77.0,76.0,74.0,79.0,81.0
262,M. VALJENT,MALLORCA,DEFENSA,['14.69'],68.0,44.0,54.0,67.0,56.0,77.0,,,,,,
263,RAILLO,MALLORCA,DEFENSA,['6.85'],61.0,43.0,49.0,54.0,64.0,66.0,,,,,,
264,P. MAFFEO,MALLORCA,DEFENSA,['11.11'],86.0,47.0,69.0,78.0,61.0,69.0,,,,,,
265,JAUME COSTA,MALLORCA,DEFENSA,['2.62'],75.0,61.0,70.0,74.0,62.0,69.0,,,,,,
266,D. HADZIKADUNIC,MALLORCA,DEFENSA,['15.49'],59.0,26.0,38.0,53.0,51.0,61.0,,,,,,
267,COPETE,MALLORCA,DEFENSA,,71.375,49.0,59.25,66.625,57.25,70.5,,,,,,
268,G. GONZALEZ,MALLORCA,DEFENSA,['8.32'],74.0,52.0,58.0,71.0,57.0,71.0,,,,,,
269,M. NASTASIC,MALLORCA,DEFENSA,['4.18'],66.0,48.0,63.0,58.0,53.0,73.0,,,,,,
270,B. CUFRE,MALLORCA,DEFENSA,['2.87'],82.0,71.0,73.0,78.0,54.0,78.0,,,,,,
271,JOSEP GAYA,MALLORCA,DEFENSA,,71.375,49.0,59.25,66.625,57.25,70.5,,,,,,
272,DANI RODRIGUEZ,MALLORCA,CENTROCAMPISTA,['2.95'],85.0,65.0,72.0,74.0,56.0,70.0,,,,,,
273,KANG-IN LEE,MALLORCA,CENTROCAMPISTA,,68.0,63.0,67.33333333333333,69.16666666666667,56.166666666666664,67.83333333333333,,,,,,
274,BABA,MALLORCA,CENTROCAMPISTA,['7.53'],66.0,49.0,57.0,60.0,56.0,65.0,,,,,,
275,I. RUIZ DE GALARRETA,MALLORCA,CENTROCAMPISTA,['5.05'],69.0,58.0,67.0,72.0,59.0,67.0,,,,,,
276,R. BATTAGLIA,MALLORCA,CENTROCAMPISTA,['3.93'],65.0,62.0,63.0,69.0,62.0,72.0,,,,,,
277,ANTONIO SANCHEZ,MALLORCA,CENTROCAMPISTA,['5.46'],71.0,66.0,66.0,73.0,51.0,68.0,,,,,,
278,C. GRENIER,MALLORCA,CENTROCAMPISTA,['3.75'],52.0,78.0,79.0,67.0,53.0,65.0,,,,,,
279,MIQUEL LLABRES,MALLORCA,CENTROCAMPISTA,,68.0,63.0,67.33333333333333,69.16666666666667,56.166666666666664,67.83333333333333,,,,,,
280,V. MURIQI,MALLORCA,DELANTERO,['19.35'],55.0,61.0,54.0,58.0,29.0,70.0,,,,,,
281,ANGEL,MALLORCA,DELANTERO,['1.19'],73.0,70.0,60.0,76.0,39.0,71.0,,,,,,
282,T. KADEWERE,MALLORCA,DELANTERO,['5.35'],82.0,66.0,68.0,80.0,43.0,77.0,,,,,,
283,AMATH NDIAYE,MALLORCA,DELANTERO,['5.32'],93.0,68.0,66.0,84.0,46.0,72.0,,,,,,
284,ABDON,MALLORCA,DELANTERO,['2.54'],69.0,70.0,56.0,68.0,36.0,68.0,,,,,,
285,JUAN CARLOS,GIRONA,PORTERO,['1.93'],,,,,,,70.0,71.0,73.0,73.0,72.0,74.0
286,P. GAZZANIGA,GIRONA,PORTERO,['1.57'],,,,,,,76.0,79.0,75.0,85.0,76.0,79.0
287,TONI FUIDIAS,GIRONA,PORTERO,,,,,,,,73.0,75.0,74.0,79.0,74.0,76.5
288,LLUC MATAS,GIRONA,PORTERO,,,,,,,,73.0,75.0,74.0,79.0,74.0,76.5
289,A. CALLENS,GIRONA,DEFENSA,['20.85'],42.0,38.0,45.0,55.0,49.0,75.0,,,,,,
290,ARNAU MARTINEZ,GIRONA,DEFENSA,,55.166666666666664,43.666666666666664,52.0,55.5,49.666666666666664,67.16666666666667,,,,,,
291,SANTI BUENO,GIRONA,DEFENSA,['8.60'],53.0,33.0,38.0,49.0,44.0,63.0,,,,,,
292,DAVID LOPEZ,GIRONA,DEFENSA,['4.60'],57.0,58.0,64.0,62.0,58.0,69.0,,,,,,
293,BERNARDO,GIRONA,DEFENSA,['2.99'],43.0,47.0,56.0,49.0,48.0,68.0,,,,,,
294,JUANPE,GIRONA,DEFENSA,['3.83'],52.0,30.0,49.0,45.0,44.0,64.0,,,,,,
295,YAN COUTO,GIRONA,DEFENSA,,55.166666666666664,43.666666666666664,52.0,55.5,49.666666666666664,67.16666666666667,,,,,,
296,J. HERNANDEZ,GIRONA,DEFENSA,,55.166666666666664,43.666666666666664,52.0,55.5,49.666666666666664,67.16666666666667,,,,,,
297,MIGUEL GUTIERREZ,GIRONA,DEFENSA,,55.166666666666664,43.666666666666664,52.0,55.5,49.666666666666664,67.16666666666667,,,,,,
298,VALERY,GIRONA,DEFENSA,['2.88'],84.0,56.0,60.0,73.0,55.0,64.0,,,,,,
299,BIEL FARRES,GIRONA,DEFENSA,,55.166666666666664,43.666666666666664,52.0,55.5,49.666666666666664,67.16666666666667,,,,,,
300,O. ROMEU,GIRONA,CENTROCAMPISTA,['7.76'],46.0,55.0,58.0,59.0,58.0,69.0,,,,,,
301,Y. HERRERA,GIRONA,CENTROCAMPISTA,['15.63'],66.0,61.0,71.0,71.0,62.0,72.0,,,,,,
302,ALEIX GARCIA,GIRONA,CENTROCAMPISTA,['4.76'],66.0,67.0,71.0,72.0,55.0,64.0,,,,,,
303,SAMU SAIZ,GIRONA,CENTROCAMPISTA,['2.21'],75.0,69.0,72.0,76.0,36.0,70.0,,,,,,
304,IVAN MARTIN,GIRONA,CENTROCAMPISTA,['3.09'],70.0,58.0,67.0,71.0,40.0,55.0,,,,,,
305,BORJA GARCIA,GIRONA,CENTROCAMPISTA,['2.09'],76.0,65.0,73.0,75.0,57.0,70.0,,,,,,
306,IBRAHIMA KEBE,GIRONA,CENTROCAMPISTA,,68.71428571428571,63.142857142857146,68.14285714285714,71.71428571428571,50.142857142857146,66.71428571428571,,,,,,
307,REINIER,GIRONA,CENTROCAMPISTA,['1.68'],82.0,67.0,65.0,78.0,43.0,67.0,,,,,,
308,RICARD ARTERO,GIRONA,CENTROCAMPISTA,,68.71428571428571,63.142857142857146,68.14285714285714,71.71428571428571,50.142857142857146,66.71428571428571,,,,,,
309,TATY CASTELLANOS,GIRONA,DELANTERO,['20.67'],61.0,42.0,44.0,56.0,41.0,50.0,,,,,,
310,V. TSYGANKOV,GIRONA,DELANTERO,['31.80'],85.0,72.0,76.0,82.0,43.0,67.0,,,,,,
311,C. STUANI,GIRONA,DELANTERO,['1.07'],66.0,70.0,69.0,69.0,44.0,78.0,,,,,,
312,RODRIGO RIQUELME,GIRONA,DELANTERO,['5.83'],76.0,55.0,56.0,73.0,44.0,60.0,,,,,,
313,TONI VILLA,GIRONA,DELANTERO,['3.51'],77.0,62.0,75.0,80.0,52.0,62.0,,,,,,
314,MANU VALLEJO,GIRONA,DELANTERO,['2.12'],76.0,72.0,67.0,77.0,47.0,72.0,,,,,,
315,J. ROCA,GIRONA,DELANTERO,,73.5,62.166666666666664,64.5,72.83333333333333,45.166666666666664,64.83333333333333,,,,,,
316,G. MAMARDASHVILI,VALENCIA,PORTERO,,,,,,,,65.66666666666667,74.0,71.0,73.0,69.0,73.33333333333333
317,I. HERRERIN,VALENCIA,PORTERO,['0.66'],,,,,,,60.0,78.0,76.0,82.0,74.0,72.0
318,E. BERNAD,VALENCIA,PORTERO,,,,,,,,65.66666666666667,74.0,71.0,73.0,69.0,73.33333333333333
319,JAUME DOMENECH,VALENCIA,PORTERO,['3.55'],,,,,,,72.0,73.0,77.0,75.0,71.0,75.0
320,CHARLIE PEREZ,VALENCIA,PORTERO,,,,,,,,65.66666666666667,74.0,71.0,73.0,69.0,73.33333333333333
321,CRISTIAN RIVERO,VALENCIA,PORTERO,['0.47'],,,,,,,65.0,71.0,60.0,62.0,62.0,73.0
322,J. GAYA,VALENCIA,DEFENSA,['39.09'],83.0,62.0,78.0,81.0,67.0,74.0,,,,,,
323,GABRIEL PAULISTA,VALENCIA,DEFENSA,['10.08'],69.0,52.0,69.0,66.0,61.0,79.0,,,,,,
324,THIERRY CORREIA,VALENCIA,DEFENSA,['14.37'],89.0,53.0,67.0,77.0,57.0,73.0,,,,,,
325,M. DIAKHABY,VALENCIA,DEFENSA,['12.20'],57.0,33.0,50.0,56.0,52.0,69.0,,,,,,
326,D. FOULQUIER,VALENCIA,DEFENSA,['10.31'],79.0,55.0,68.0,74.0,61.0,75.0,,,,,,
327,E. COMERT,VALENCIA,DEFENSA,['10.37'],75.0,54.0,49.0,63.0,52.0,74.0,,,,,,
328,C. OZKACAR,VALENCIA,DEFENSA,,75.71428571428571,52.42857142857143,64.85714285714286,70.14285714285714,58.42857142857143,72.57142857142857,,,,,,
329,TONI LATO,VALENCIA,DEFENSA,['3.73'],78.0,58.0,73.0,74.0,59.0,64.0,,,,,,
330,J. VAZQUEZ,VALENCIA,DEFENSA,,75.71428571428571,52.42857142857143,64.85714285714286,70.14285714285714,58.42857142857143,72.57142857142857,,,,,,
331,C. MOSQUERA,VALENCIA,DEFENSA,,75.71428571428571,52.42857142857143,64.85714285714286,70.14285714285714,58.42857142857143,72.57142857142857,,,,,,
332,YUNUS MUSAH,VALENCIA,CENTROCAMPISTA,,70.0,57.0,62.0,75.0,49.0,68.0,,,,,,
333,HUGO GUILLAMON,VALENCIA,CENTROCAMPISTA,,70.0,57.0,62.0,75.0,49.0,68.0,,,,,,
334,ANDRE ALMEIDA,VALENCIA,CENTROCAMPISTA,['9.13'],70.0,57.0,62.0,75.0,49.0,68.0,,,,,,
335,NICO GONZALEZ,VALENCIA,CENTROCAMPISTA,,70.0,57.0,62.0,75.0,49.0,68.0,,,,,,
336,ILAIX MORIBA,VALENCIA,CENTROCAMPISTA,,70.0,57.0,62.0,75.0,49.0,68.0,,,,,,
337,YELLU SANTIAGO,VALENCIA,CENTROCAMPISTA,,70.0,57.0,62.0,75.0,49.0,68.0,,,,,,
338,TIAGO RIBEIRO,VALENCIA,CENTROCAMPISTA,,70.0,57.0,62.0,75.0,49.0,68.0,,,,,,
339,E. CAVANI,VALENCIA,DELANTERO,['4.54'],69.0,80.0,70.0,73.0,48.0,81.0,,,,,,
340,SAMUEL LINO,VALENCIA,DELANTERO,,77.8,67.2,62.2,77.2,41.0,69.6,,,,,,
341,J. KLUIVERT,VALENCIA,DELANTERO,['21.50'],90.0,70.0,68.0,85.0,39.0,67.0,,,,,,
342,HUGO DURO,VALENCIA,DELANTERO,['15.23'],74.0,52.0,42.0,71.0,33.0,64.0,,,,,,
343,S. CASTILLEJO,VALENCIA,DELANTERO,['6.46'],81.0,70.0,74.0,83.0,44.0,66.0,,,,,,
344,MARCOS ANDRE,VALENCIA,DELANTERO,['5.48'],75.0,64.0,57.0,74.0,41.0,70.0,,,,,,
345,F. PEREZ,VALENCIA,DELANTERO,,77.8,67.2,62.2,77.2,41.0,69.6,,,,,,
346,D. LOPEZ,VALENCIA,DELANTERO,,77.8,67.2,62.2,77.2,41.0,69.6,,,,,,
347,MARIO DOMINGUEZ,VALENCIA,DELANTERO,,77.8,67.2,62.2,77.2,41.0,69.6,,,,,,
348,B. LECOMTE,ESPANYOL,PORTERO,['5.84'],,,,,,,62.0,80.0,78.0,77.0,80.0,81.0
349,ALVARO FERNANDEZ,ESPANYOL,PORTERO,['6.43'],,,,,,,65.0,77.0,68.0,67.0,72.0,74.0
350,A. FORTUNO,ESPANYOL,PORTERO,,,,,,,,63.5,78.5,73.0,72.0,76.0,77.5
351,JOAN GARCIA,ESPANYOL,PORTERO,,,,,,,,63.5,78.5,73.0,72.0,76.0,77.5
352,L. CABRERA,ESPANYOL,DEFENSA,['8.38'],58.0,43.0,55.0,59.0,51.0,77.0,,,,,,
353,C. MONTES,ESPANYOL,DEFENSA,['31.96'],60.0,44.0,62.0,64.0,56.0,76.0,,,,,,
354,A. PEDROSA,ESPANYOL,DEFENSA,['8.88'],88.0,55.0,70.0,79.0,59.0,70.0,,,,,,
355,BRIAN OLIVAN,ESPANYOL,DEFENSA,['5.97'],74.0,55.0,62.0,69.0,55.0,71.0,,,,,,
356,OSCAR GIL,ESPANYOL,DEFENSA,,71.5,50.125,63.375,69.0,56.375,73.375,,,,,,
357,SERGI GOMEZ,ESPANYOL,DEFENSA,['7.80'],62.0,44.0,61.0,62.0,56.0,71.0,,,,,,
358,F. CALERO,ESPANYOL,DEFENSA,['5.86'],68.0,49.0,67.0,70.0,58.0,76.0,,,,,,
359,R. PIERRE-GABRIEL,ESPANYOL,DEFENSA,['8.26'],77.0,50.0,60.0,70.0,56.0,73.0,,,,,,
360,ALEIX VIDAL,ESPANYOL,DEFENSA,['2.71'],85.0,61.0,70.0,79.0,60.0,73.0,,,,,,
361,RUBEN SANCHEZ,ESPANYOL,DEFENSA,,71.5,50.125,63.375,69.0,56.375,73.375,,,,,,
362,OMAR,ESPANYOL,DEFENSA,,71.5,50.125,63.375,69.0,56.375,73.375,,,,,,
363,SIMO,ESPANYOL,DEFENSA,,71.5,50.125,63.375,69.0,56.375,73.375,,,,,,
364,S. DARDER,ESPANYOL,CENTROCAMPISTA,['12.49'],64.0,76.0,77.0,74.0,60.0,68.0,,,,,,
365,EDU EXPOSITO,ESPANYOL,CENTROCAMPISTA,['6.70'],62.0,53.0,59.0,69.0,62.0,58.0,,,,,,
366,VINICIUS SOUZA,ESPANYOL,CENTROCAMPISTA,,66.66666666666667,63.0,68.0,72.33333333333333,60.666666666666664,65.66666666666667,,,,,,
367,K. BARE,ESPANYOL,CENTROCAMPISTA,['9.08'],74.0,60.0,68.0,74.0,60.0,71.0,,,,,,
368,P. LOZANO,ESPANYOL,CENTROCAMPISTA,,66.66666666666667,63.0,68.0,72.33333333333333,60.666666666666664,65.66666666666667,,,,,,
369,R. MARTINEZ,ESPANYOL,CENTROCAMPISTA,,66.66666666666667,63.0,68.0,72.33333333333333,60.666666666666664,65.66666666666667,,,,,,
370,D. VILLAHERMOSA,ESPANYOL,CENTROCAMPISTA,,66.66666666666667,63.0,68.0,72.33333333333333,60.666666666666664,65.66666666666667,,,,,,
371,JOSELU,ESPANYOL,DELANTERO,['7.27'],56.0,72.0,66.0,67.0,32.0,71.0,,,,,,
372,J. PUADO,ESPANYOL,DELANTERO,['12.83'],83.0,62.0,65.0,80.0,45.0,75.0,,,,,,
373,M. BRAITHWAITE,ESPANYOL,DELANTERO,['13.08'],80.0,74.0,70.0,79.0,40.0,77.0,,,,,,
374,NICO MELAMED,ESPANYOL,DELANTERO,['7.68'],80.0,55.0,65.0,77.0,41.0,63.0,,,,,,
375,DANI GOMEZ,ESPANYOL,DELANTERO,,75.2,64.8,65.8,75.4,39.8,68.8,,,,,,
376,J. LAZO,ESPANYOL,DELANTERO,['2.89'],77.0,61.0,63.0,74.0,41.0,58.0,,,,,,
377,NABIL TOUAIZI,ESPANYOL,DELANTERO,,75.2,64.8,65.8,75.4,39.8,68.8,,,,,,
378,LUCA,ESPANYOL,DELANTERO,,75.2,64.8,65.8,75.4,39.8,68.8,,,,,,
379,FERNANDO,ALMERIA,PORTERO,['2.30'],,,,,,,71.0,73.0,72.0,66.0,67.0,73.0
380,DIEGO MARINO,ALMERIA,PORTERO,['2.22'],,,,,,,76.0,77.0,74.0,68.0,71.0,81.0
381,F. PACHECO,ALMERIA,PORTERO,['8.36'],,,,,,,73.0,81.0,79.0,71.0,83.0,84.0
382,DIEGO FUOLI,ALMERIA,PORTERO,,,,,,,,73.33333333333333,77.0,75.0,68.33333333333333,73.66666666666667,79.33333333333333
383,SERGIO AKIEME,ALMERIA,DEFENSA,['5.82'],77.0,38.0,50.0,70.0,56.0,69.0,,,,,,
384,S. BABIC,ALMERIA,DEFENSA,,68.66666666666667,44.166666666666664,54.5,64.5,52.166666666666664,66.5,,,,,,
385,ALEJANDRO POZO,ALMERIA,DEFENSA,['8.79'],74.0,63.0,66.0,77.0,58.0,64.0,,,,,,
386,RODRIGO ELY,ALMERIA,DEFENSA,['1.94'],54.0,29.0,39.0,53.0,47.0,69.0,,,,,,
387,H. MENDES,ALMERIA,DEFENSA,['7.41'],76.0,44.0,58.0,65.0,50.0,66.0,,,,,,
388,CHUMI,ALMERIA,DEFENSA,['4.85'],54.0,37.0,45.0,50.0,48.0,61.0,,,,,,
389,KAIKY,ALMERIA,DEFENSA,,68.66666666666667,44.166666666666664,54.5,64.5,52.166666666666664,66.5,,,,,,
390,A. CENTELLES,ALMERIA,DEFENSA,['3.63'],77.0,54.0,69.0,72.0,54.0,70.0,,,,,,
391,MELERO,ALMERIA,CENTROCAMPISTA,['8.32'],63.0,66.0,69.0,65.0,69.0,66.0,,,,,,
392,L. ROBERTONE,ALMERIA,CENTROCAMPISTA,['4.63'],67.0,54.0,53.0,64.0,41.0,56.0,,,,,,
393,CESAR DE LA HOZ,ALMERIA,CENTROCAMPISTA,['3.24'],55.0,44.0,57.0,60.0,56.0,71.0,,,,,,
394,SAMU COSTA,ALMERIA,CENTROCAMPISTA,['7.84'],65.0,52.0,60.0,66.0,54.0,67.0,,,,,,
395,INIGO EGUARAS,ALMERIA,CENTROCAMPISTA,['2.83'],58.0,61.0,72.0,62.0,55.0,68.0,,,,,,
396,ARNAU PUIGMAL,ALMERIA,CENTROCAMPISTA,,61.6,55.4,62.2,63.4,55.0,65.6,,,,,,
397,GUI GUEDES,ALMERIA,CENTROCAMPISTA,,61.6,55.4,62.2,63.4,55.0,65.6,,,,,,
398,M. SVIDERSKY,ALMERIA,CENTROCAMPISTA,,61.6,55.4,62.2,63.4,55.0,65.6,,,,,,
399,LUIS SUAREZ,ALMERIA,DELANTERO,['13.21'],87.0,70.0,65.0,78.0,46.0,76.0,,,,,,
400,L. BAPTISTAO,ALMERIA,DELANTERO,['5.21'],79.0,72.0,71.0,79.0,38.0,78.0,,,,,,
401,E. TOURE,ALMERIA,DELANTERO,['9.98'],74.0,57.0,51.0,69.0,31.0,67.0,,,,,,
402,A. EMBARBA,ALMERIA,DELANTERO,['6.34'],83.0,73.0,75.0,80.0,53.0,74.0,,,,,,
403,L. RAMAZANI,ALMERIA,DELANTERO,,65.83333333333333,59.333333333333336,54.5,65.16666666666667,35.5,72.66666666666667,,,,,,
404,LAZARO,ALMERIA,DELANTERO,,65.83333333333333,59.333333333333336,54.5,65.16666666666667,35.5,72.66666666666667,,,,,,
405,F. PORTILLO,ALMERIA,DELANTERO,['1.92'],14.0,15.0,8.0,16.0,11.0,67.0,,,,,,
406,DYEGO SOUSA,ALMERIA,DELANTERO,['1.15'],58.0,69.0,57.0,69.0,34.0,74.0,,,,,,
407,C. ROJAS,ALMERIA,DELANTERO,,65.83333333333333,59.333333333333336,54.5,65.16666666666667,35.5,72.66666666666667,,,,,,
408,MAREZI,ALMERIA,DELANTERO,,65.83333333333333,59.333333333333336,54.5,65.16666666666667,35.5,72.66666666666667,,,,,,
409,BONO,SEVILLA FC,PORTERO,['34.94'],,,,,,,48.0,79.0,78.0,75.0,77.0,81.0
410,M. DMITROVIC,SEVILLA FC,PORTERO,['9.60'],,,,,,,50.0,78.0,80.0,79.0,81.0,82.0
411,ALBERTO FLORES,SEVILLA FC,PORTERO,,,,,,,,49.0,78.5,79.0,77.0,79.0,81.5
412,MATIAS ARBOL,SEVILLA FC,PORTERO,,,,,,,,49.0,78.5,79.0,77.0,79.0,81.5
413,M. ACUNA,SEVILLA FC,DEFENSA,['30.91'],76.0,79.0,83.0,83.0,68.0,80.0,,,,,,
414,J. NAVAS,SEVILLA FC,DEFENSA,['0.69'],87.0,70.0,80.0,85.0,68.0,70.0,,,,,,
415,MARCAO,SEVILLA FC,DEFENSA,['12.20'],65.0,41.0,55.0,65.0,52.0,81.0,,,,,,
416,A. TELLES,SEVILLA FC,DEFENSA,['15.35'],83.0,80.0,84.0,79.0,63.0,79.0,,,,,,
417,G. MONTIEL,SEVILLA FC,DEFENSA,['19.44'],86.0,53.0,69.0,78.0,61.0,79.0,,,,,,
418,K. REKIK,SEVILLA FC,DEFENSA,['8.30'],66.0,39.0,54.0,62.0,54.0,72.0,,,,,,
419,T. NIANZOU,SEVILLA FC,DEFENSA,['7.06'],69.0,38.0,53.0,63.0,50.0,68.0,,,,,,
420,L. BADE,SEVILLA FC,DEFENSA,['8.10'],61.0,30.0,49.0,58.0,49.0,68.0,,,,,,
421,KIKE SALAS,SEVILLA FC,DEFENSA,,74.125,53.75,65.875,71.625,58.125,74.625,,,,,,
422,HORMIGO,SEVILLA FC,DEFENSA,,74.125,53.75,65.875,71.625,58.125,74.625,,,,,,
423,I. RAKITIC,SEVILLA FC,CENTROCAMPISTA,['8.04'],61.0,82.0,85.0,73.0,62.0,66.0,,,,,,
424,N. GUDELJ,SEVILLA FC,CENTROCAMPISTA,['15.24'],62.0,79.0,77.0,65.0,68.0,76.0,,,,,,
425,JOAN JORDAN,SEVILLA FC,CENTROCAMPISTA,['15.25'],65.0,76.0,79.0,72.0,55.0,70.0,,,,,,
426,PAPU GOMEZ,SEVILLA FC,CENTROCAMPISTA,['7.38'],88.0,79.0,84.0,89.0,46.0,74.0,,,,,,
427,FERNANDO,SEVILLA FC,CENTROCAMPISTA,['2.55'],66.0,64.0,72.0,71.0,62.0,78.0,,,,,,
428,OLIVER TORRES,SEVILLA FC,CENTROCAMPISTA,['9.38'],66.0,69.0,78.0,78.0,57.0,65.0,,,,,,
429,T. DELANEY,SEVILLA FC,CENTROCAMPISTA,['31.61'],77.0,72.0,74.0,75.0,67.0,82.0,,,,,,
430,PEDRO ORTIZ,SEVILLA FC,CENTROCAMPISTA,,69.28571428571429,74.42857142857143,78.42857142857143,74.71428571428571,59.57142857142857,73.0,,,,,,
431,C. ALVAREZ,SEVILLA FC,CENTROCAMPISTA,,69.28571428571429,74.42857142857143,78.42857142857143,74.71428571428571,59.57142857142857,73.0,,,,,,
432,NACHO QUINTANA,SEVILLA FC,CENTROCAMPISTA,,69.28571428571429,74.42857142857143,78.42857142857143,74.71428571428571,59.57142857142857,73.0,,,,,,
433,MANU BUENO,SEVILLA FC,CENTROCAMPISTA,,69.28571428571429,74.42857142857143,78.42857142857143,74.71428571428571,59.57142857142857,73.0,,,,,,
434,Y. EN-NESYRI,SEVILLA FC,DELANTERO,['36.72'],78.0,67.0,54.0,75.0,37.0,75.0,,,,,,
435,TECATITO,SEVILLA FC,DELANTERO,['28.38'],84.0,71.0,79.0,87.0,66.0,75.0,,,,,,
436,RAFA MIR,SEVILLA FC,DELANTERO,['12.42'],75.0,67.0,60.0,69.0,42.0,72.0,,,,,,
437,E. LAMELA,SEVILLA FC,DELANTERO,['6.17'],71.0,81.0,79.0,79.0,53.0,69.0,,,,,,
438,K. DOLBERG,SEVILLA FC,DELANTERO,['27.07'],72.0,77.0,68.0,75.0,35.0,74.0,,,,,,
439,SUSO,SEVILLA FC,DELANTERO,['11.16'],78.0,81.0,82.0,84.0,37.0,68.0,,,,,,
440,A. JANUZAJ,SEVILLA FC,DELANTERO,['8.82'],80.0,74.0,80.0,83.0,39.0,70.0,,,,,,
441,DAVID SORIA,GETAFE,PORTERO,['11.90'],,,,,,,61.0,83.0,81.0,72.0,81.0,84.0
442,KIKO CASILLA,GETAFE,PORTERO,['0.57'],,,,,,,69.0,72.0,69.0,71.0,68.0,72.0
443,V. BELLMUNT,GETAFE,PORTERO,,,,,,,,65.0,77.5,75.0,71.5,74.5,78.0
444,D. CONDE,GETAFE,PORTERO,,,,,,,,65.0,77.5,75.0,71.5,74.5,78.0
445,D. DJENE,GETAFE,DEFENSA,['12.27'],72.0,43.0,59.0,66.0,62.0,77.0,,,,,,
446,S. MITROVIC,GETAFE,DEFENSA,['14.44'],33.0,37.0,48.0,45.0,48.0,68.0,,,,,,
447,D. DUARTE,GETAFE,DEFENSA,['10.50'],61.0,32.0,52.0,53.0,55.0,67.0,,,,,,
448,DAMIAN SUAREZ,GETAFE,DEFENSA,['4.40'],75.0,71.0,73.0,75.0,62.0,76.0,,,,,,
449,O. ALDERETE,GETAFE,DEFENSA,['14.04'],64.0,52.0,58.0,62.0,56.0,71.0,,,,,,
450,F. ANGILERI,GETAFE,DEFENSA,['7.71'],79.0,71.0,75.0,75.0,59.0,75.0,,,,,,
451,JUAN IGLESIAS,GETAFE,DEFENSA,,65.85714285714286,52.714285714285715,62.285714285714285,64.42857142857143,57.857142857142854,72.85714285714286,,,,,,
452,J. AMAVI,GETAFE,DEFENSA,['4.86'],77.0,63.0,71.0,75.0,63.0,76.0,,,,,,
453,G. ALVAREZ,GETAFE,DEFENSA,,65.85714285714286,52.714285714285715,62.285714285714285,64.42857142857143,57.857142857142854,72.85714285714286,,,,,,
454,ALEX REVUELTA,GETAFE,DEFENSA,,65.85714285714286,52.714285714285715,62.285714285714285,64.42857142857143,57.857142857142854,72.85714285714286,,,,,,
455,KOFFI,GETAFE,DEFENSA,,65.85714285714286,52.714285714285715,62.285714285714285,64.42857142857143,57.857142857142854,72.85714285714286,,,,,,
456,ALEX RODRIGUEZ,GETAFE,DEFENSA,,65.85714285714286,52.714285714285715,62.285714285714285,64.42857142857143,57.857142857142854,72.85714285714286,,,,,,
457,GORKA,GETAFE,DEFENSA,,65.85714285714286,52.714285714285715,62.285714285714285,64.42857142857143,57.857142857142854,72.85714285714286,,,,,,
458,P. RAMIREZ,GETAFE,DEFENSA,,65.85714285714286,52.714285714285715,62.285714285714285,64.42857142857143,57.857142857142854,72.85714285714286,,,,,,
459,N. MAKSIMOVIC,GETAFE,CENTROCAMPISTA,['22.93'],59.0,65.0,72.0,66.0,60.0,75.0,,,,,,
460,M. ARAMBARRI,GETAFE,CENTROCAMPISTA,['12.68'],52.0,63.0,70.0,65.0,62.0,69.0,,,,,,
461,LUIS MILLA,GETAFE,CENTROCAMPISTA,['9.63'],77.0,69.0,75.0,76.0,64.0,76.0,,,,,,
462,C. ALENA,GETAFE,CENTROCAMPISTA,['12.27'],72.0,62.0,72.0,74.0,54.0,67.0,,,,,,
463,J. SEOANE,GETAFE,CENTROCAMPISTA,['4.83'],71.0,62.0,68.0,71.0,55.0,69.0,,,,,,
464,GONZALO VILLAR,GETAFE,CENTROCAMPISTA,,66.2,64.2,71.4,70.4,59.0,71.2,,,,,,
465,A. ALGOBIA,GETAFE,CENTROCAMPISTA,,66.2,64.2,71.4,70.4,59.0,71.2,,,,,,
466,E. UNAL,GETAFE,DELANTERO,['18.33'],69.0,72.0,62.0,74.0,39.0,76.0,,,,,,
467,B. MAYORAL,GETAFE,DELANTERO,['10.69'],67.0,67.0,65.0,74.0,40.0,74.0,,,,,,
468,PORTU,GETAFE,DELANTERO,['10.05'],90.0,75.0,79.0,83.0,57.0,80.0,,,,,,
469,J. MATA,GETAFE,DELANTERO,['3.20'],69.0,65.0,60.0,72.0,35.0,74.0,,,,,,
470,MUNIR,GETAFE,DELANTERO,['6.39'],80.0,77.0,74.0,83.0,39.0,72.0,,,,,,
471,LATASA,GETAFE,DELANTERO,,75.0,71.2,68.0,77.2,42.0,75.2,,,,,,
472,MOI PARRA,GETAFE,DELANTERO,,75.0,71.2,68.0,77.2,42.0,75.2,,,,,,
473,J. PATRICK,GETAFE,DELANTERO,,75.0,71.2,68.0,77.2,42.0,75.2,,,,,,
474,A. MARCHESIN,RC CELTA,PORTERO,['4.18'],,,,,,,75.0,82.0,77.0,76.0,80.0,83.0
475,C. JOEL,RC CELTA,PORTERO,['0.65'],,,,,,,66.0,66.0,64.0,58.0,65.0,67.0
476,IVAN VILLAR,RC CELTA,PORTERO,['1.96'],,,,,,,52.0,71.0,66.0,68.0,69.0,70.0
477,COKE CARRILLO,RC CELTA,PORTERO,,,,,,,,64.33333333333333,73.0,69.0,67.33333333333333,71.33333333333333,73.33333333333333
478,JAVI GALAN,RC CELTA,DEFENSA,['10.79'],79.0,61.0,70.0,75.0,57.0,71.0,,,,,,
479,J. AIDOO,RC CELTA,DEFENSA,['11.20'],75.0,27.0,35.0,54.0,53.0,76.0,,,,,,
480,HUGO MALLO,RC CELTA,DEFENSA,['7.76'],67.0,48.0,69.0,68.0,57.0,76.0,,,,,,
481,UNAI NUNEZ,RC CELTA,DEFENSA,['8.47'],73.0,25.0,42.0,54.0,55.0,68.0,,,,,,
482,O. MINGUEZA,RC CELTA,DEFENSA,,72.6,42.2,56.0,63.0,56.2,70.8,,,,,,
483,KEVIN VAZQUEZ,RC CELTA,DEFENSA,['2.73'],69.0,50.0,64.0,64.0,59.0,63.0,,,,,,
484,C. DOMINGUEZ,RC CELTA,DEFENSA,,72.6,42.2,56.0,63.0,56.2,70.8,,,,,,
485,F. MEDRANO,RC CELTA,DEFENSA,,72.6,42.2,56.0,63.0,56.2,70.8,,,,,,
486,D. SUAREZ,RC CELTA,CENTROCAMPISTA,['10.51'],74.0,73.0,81.0,79.0,54.0,68.0,,,,,,
487,F. BELTRAN,RC CELTA,CENTROCAMPISTA,['16.65'],66.0,57.0,72.0,75.0,62.0,69.0,,,,,,
488,R. TAPIA,RC CELTA,CENTROCAMPISTA,['20.67'],67.0,65.0,71.0,71.0,65.0,75.0,,,,,,
489,OSCAR RODRIGUEZ,RC CELTA,CENTROCAMPISTA,['11.07'],63.0,73.0,74.0,72.0,49.0,63.0,,,,,,
490,GABRI VEIGA,RC CELTA,CENTROCAMPISTA,,70.66666666666667,63.666666666666664,71.66666666666667,74.66666666666667,56.166666666666664,68.16666666666667,,,,,,
491,L. DE LA TORRE,RC CELTA,CENTROCAMPISTA,['6.68'],68.0,51.0,62.0,72.0,53.0,56.0,,,,,,
492,W. SWEDBERG,RC CELTA,CENTROCAMPISTA,,70.66666666666667,63.666666666666664,71.66666666666667,74.66666666666667,56.166666666666664,68.16666666666667,,,,,,
493,A. SOLARI,RC CELTA,CENTROCAMPISTA,['2.85'],86.0,63.0,70.0,79.0,54.0,78.0,,,,,,
494,TINCHO,RC CELTA,CENTROCAMPISTA,,70.66666666666667,63.666666666666664,71.66666666666667,74.66666666666667,56.166666666666664,68.16666666666667,,,,,,
495,IAGO ASPAS,RC CELTA,DELANTERO,['3.80'],82.0,81.0,79.0,85.0,39.0,74.0,,,,,,
496,J. LARSEN,RC CELTA,DELANTERO,['21.30'],65.0,56.0,53.0,64.0,33.0,70.0,,,,,,
497,F. CERVI,RC CELTA,DELANTERO,['7.49'],93.0,68.0,69.0,88.0,57.0,70.0,,,,,,
498,C. PEREZ,RC CELTA,DELANTERO,['4.23'],81.0,67.0,65.0,79.0,41.0,67.0,,,,,,
499,G. PACIENCIA,RC CELTA,DELANTERO,['3.46'],59.0,67.0,58.0,72.0,41.0,76.0,,,,,,
500,MIGUEL RODRIGUEZ,RC CELTA,DELANTERO,,76.0,67.8,64.8,77.6,42.2,71.4,,,,,,
501,FRAN LOPEZ,RC CELTA,DELANTERO,,76.0,67.8,64.8,77.6,42.2,71.4,,,,,,
502,HUGO ALVAREZ,RC CELTA,DELANTERO,,76.0,67.8,64.8,77.6,42.2,71.4,,,,,,
503,P. DURAN,RC CELTA,DELANTERO,,76.0,67.8,64.8,77.6,42.2,71.4,,,,,,
504,JORDI MASIP,REAL VALLADOLID,PORTERO,['2.47'],,,,,,,85.0,78.0,77.0,74.0,77.0,78.0
505,S. ASENJO,REAL VALLADOLID,PORTERO,['4.66'],,,,,,,73.0,84.0,82.0,77.0,80.0,82.0
506,A. ACEVES,REAL VALLADOLID,PORTERO,,,,,,,,79.0,81.0,79.5,75.5,78.5,80.0
507,JOAQUIN FERNANDEZ,REAL VALLADOLID,DEFENSA,['4.94'],65.0,48.0,60.0,63.0,53.0,71.0,,,,,,
508,S. ESCUDERO,REAL VALLADOLID,DEFENSA,['4.22'],72.0,66.0,73.0,71.0,62.0,73.0,,,,,,
509,JAVI SANCHEZ,REAL VALLADOLID,DEFENSA,,70.0,56.6,64.4,67.2,58.2,70.8,,,,,,
510,LUIS PEREZ,REAL VALLADOLID,DEFENSA,['4.04'],82.0,45.0,58.0,72.0,58.0,74.0,,,,,,
511,Z. FEDDAL,REAL VALLADOLID,DEFENSA,['5.72'],54.0,49.0,58.0,56.0,54.0,67.0,,,,,,
512,J. EL YAMIQ,REAL VALLADOLID,DEFENSA,,70.0,56.6,64.4,67.2,58.2,70.8,,,,,,
513,L. OLAZA,REAL VALLADOLID,DEFENSA,['6.40'],77.0,75.0,73.0,74.0,64.0,69.0,,,,,,
514,L. ROSA,REAL VALLADOLID,DEFENSA,,70.0,56.6,64.4,67.2,58.2,70.8,,,,,,
515,IVAN FRESNEDA,REAL VALLADOLID,DEFENSA,,70.0,56.6,64.4,67.2,58.2,70.8,,,,,,
516,DAVID TORRES,REAL VALLADOLID,DEFENSA,,70.0,56.6,64.4,67.2,58.2,70.8,,,,,,
517,D. MORENO,REAL VALLADOLID,DEFENSA,,70.0,56.6,64.4,67.2,58.2,70.8,,,,,,
518,ROQUE MESA,REAL VALLADOLID,CENTROCAMPISTA,['2.58'],66.0,63.0,76.0,72.0,63.0,73.0,,,,,,
519,ALVARO AGUADO,REAL VALLADOLID,CENTROCAMPISTA,['3.39'],65.0,61.0,67.0,69.0,52.0,59.0,,,,,,
520,MONCHU,REAL VALLADOLID,CENTROCAMPISTA,,68.6,59.4,69.4,71.6,57.8,69.6,,,,,,
521,KIKE PEREZ,REAL VALLADOLID,CENTROCAMPISTA,['3.15'],62.0,59.0,67.0,69.0,53.0,65.0,,,,,,
522,ANUAR,REAL VALLADOLID,CENTROCAMPISTA,['1.39'],75.0,58.0,69.0,74.0,60.0,76.0,,,,,,
523,M. MALSA,REAL VALLADOLID,CENTROCAMPISTA,['4.59'],75.0,56.0,68.0,74.0,61.0,75.0,,,,,,
524,S. WEISSMAN,REAL VALLADOLID,DELANTERO,['11.68'],76.0,67.0,64.0,71.0,39.0,69.0,,,,,,
525,DARWIN MACHIS,REAL VALLADOLID,DELANTERO,['10.00'],88.0,73.0,73.0,86.0,45.0,78.0,,,,,,
526,C. LARIN,REAL VALLADOLID,DELANTERO,['17.59'],68.0,57.0,58.0,65.0,30.0,72.0,,,,,,
527,OSCAR PLANO,REAL VALLADOLID,DELANTERO,['4.24'],84.0,69.0,74.0,78.0,52.0,71.0,,,,,,
528,G. PLATA,REAL VALLADOLID,DELANTERO,['13.32'],86.0,67.0,66.0,82.0,46.0,68.0,,,,,,
529,SERGI GUARDIOLA,REAL VALLADOLID,DELANTERO,['4.94'],73.0,67.0,61.0,75.0,36.0,74.0,,,,,,
530,SERGIO LEON,REAL VALLADOLID,DELANTERO,['1.85'],79.0,73.0,55.0,78.0,45.0,75.0,,,,,,
531,IVAN SANCHEZ,REAL VALLADOLID,DELANTERO,['2.40'],88.0,48.0,52.0,78.0,39.0,64.0,,,,,,
532,J. NARVAEZ,REAL VALLADOLID,DELANTERO,['3.07'],75.0,62.0,67.0,73.0,52.0,68.0,,,,,,
533,KENEDY,REAL VALLADOLID,DELANTERO,['4.71'],82.0,70.0,74.0,81.0,53.0,73.0,,,,,,
534,R. ARROYO,REAL VALLADOLID,DELANTERO,,79.9,65.3,64.4,76.7,43.7,71.2,,,,,,
535,J. LEDESMA,CADIZ CF,PORTERO,['11.25'],,,,,,,67.0,76.0,74.0,67.0,74.0,77.0
536,DAVID GIL,CADIZ CF,PORTERO,['0.88'],,,,,,,57.0,66.0,69.0,67.0,61.0,65.0
537,VICTOR AZNAR,CADIZ CF,PORTERO,,,,,,,,62.0,71.0,71.5,67.0,67.5,71.0
538,PACHA ESPINO,CADIZ CF,DEFENSA,,66.2,56.8,64.6,64.4,55.6,73.2,,,,,,
539,LUIS HERNANDEZ,CADIZ CF,DEFENSA,['4.06'],67.0,55.0,62.0,64.0,56.0,76.0,,,,,,
540,FALI,CADIZ CF,DEFENSA,['6.83'],56.0,60.0,63.0,58.0,53.0,71.0,,,,,,
541,IZA,CADIZ CF,DEFENSA,['6.44'],79.0,69.0,70.0,73.0,58.0,70.0,,,,,,
542,V. CHUST,CADIZ CF,DEFENSA,,66.2,56.8,64.6,64.4,55.6,73.2,,,,,,
543,J. ZALDUA,CADIZ CF,DEFENSA,['7.85'],69.0,43.0,65.0,67.0,59.0,73.0,,,,,,
544,S. ARZAMENDIA,CADIZ CF,DEFENSA,,66.2,56.8,64.6,64.4,55.6,73.2,,,,,,
545,JUAN CALA,CADIZ CF,DEFENSA,['3.64'],60.0,57.0,63.0,60.0,52.0,76.0,,,,,,
546,CARLOS GARCIA,CADIZ CF,DEFENSA,,66.2,56.8,64.6,64.4,55.6,73.2,,,,,,
547,LAUTARO SPATZ,CADIZ CF,DEFENSA,,66.2,56.8,64.6,64.4,55.6,73.2,,,,,,
548,MOMO,CADIZ CF,DEFENSA,,66.2,56.8,64.6,64.4,55.6,73.2,,,,,,
549,ALEX,CADIZ CF,CENTROCAMPISTA,['8.04'],54.0,63.0,73.0,67.0,67.0,65.0,,,,,,
550,RUBEN ALCARAZ,CADIZ CF,CENTROCAMPISTA,['4.33'],57.0,69.0,68.0,58.0,63.0,64.0,,,,,,
551,F. SAN EMETERIO,CADIZ CF,CENTROCAMPISTA,['5.51'],63.0,57.0,61.0,60.0,61.0,70.0,,,,,,
552,G. ESCALANTE,CADIZ CF,CENTROCAMPISTA,['4.03'],66.0,63.0,71.0,69.0,61.0,72.0,,,,,,
553,JOSE MARI,CADIZ CF,CENTROCAMPISTA,['1.43'],68.0,67.0,67.0,67.0,55.0,71.0,,,,,,
554,Y. DIARRA,CADIZ CF,CENTROCAMPISTA,['1.43'],70.0,58.0,62.0,67.0,53.0,71.0,,,,,,
555,JON GARRIDO,CADIZ CF,CENTROCAMPISTA,,63.0,62.833333333333336,67.0,64.66666666666667,60.0,68.83333333333333,,,,,,
556,BLANCO,CADIZ CF,CENTROCAMPISTA,,63.0,62.833333333333336,67.0,64.66666666666667,60.0,68.83333333333333,,,,,,
557,A. BASTIDA,CADIZ CF,CENTROCAMPISTA,,63.0,62.833333333333336,67.0,64.66666666666667,60.0,68.83333333333333,,,,,,
558,RUBEN SOBRINO,CADIZ CF,DELANTERO,['5.06'],79.0,71.0,62.0,75.0,37.0,68.0,,,,,,
559,T. BONGONDA,CADIZ CF,DELANTERO,['10.22'],81.0,71.0,71.0,84.0,40.0,72.0,,,,,,
560,A. NEGREDO,CADIZ CF,DELANTERO,['0.27'],63.0,74.0,61.0,67.0,39.0,75.0,,,,,,
561,CHOCO LOZANO,CADIZ CF,DELANTERO,['6.54'],80.0,60.0,64.0,73.0,38.0,74.0,,,,,,
562,ROGER,CADIZ CF,DELANTERO,['6.60'],77.0,66.0,59.0,76.0,45.0,75.0,,,,,,
563,B. OCAMPO,CADIZ CF,DELANTERO,,75.71428571428571,66.85714285714286,63.857142857142854,74.42857142857143,39.0,72.0,,,,,,
564,IVAN ALEJO,CADIZ CF,DELANTERO,['3.83'],77.0,68.0,73.0,76.0,41.0,66.0,,,,,,
565,ALVARO GIMENEZ,CADIZ CF,DELANTERO,['1.78'],73.0,58.0,57.0,70.0,33.0,74.0,,,,,,
566,M. DIARRA,CADIZ CF,DELANTERO,,75.71428571428571,66.85714285714286,63.857142857142854,74.42857142857143,39.0,72.0,,,,,,
567,EDGAR BADIA,ELCHE CF,PORTERO,['5.80'],,,,,,,57.0,76.0,71.0,76.0,78.0,81.0
568,A. WERNER,ELCHE CF,PORTERO,['2.20'],,,,,,,58.0,74.0,72.0,75.0,68.0,70.0
569,JESUS LOPEZ,ELCHE CF,PORTERO,,,,,,,,57.5,75.0,71.5,75.5,73.0,75.5
570,JUANPE,ELCHE CF,PORTERO,,,,,,,,57.5,75.0,71.5,75.5,73.0,75.5
571,POL LIROLA,ELCHE CF,DEFENSA,['14.31'],77.0,54.0,70.0,74.0,58.0,68.0,,,,,,
572,E. ROCO,ELCHE CF,DEFENSA,['6.82'],49.0,34.0,49.0,55.0,64.0,73.0,,,,,,
573,H. PALACIOS,ELCHE CF,DEFENSA,['6.70'],84.0,41.0,57.0,69.0,55.0,75.0,,,,,,
574,GONZALO VERDU,ELCHE CF,DEFENSA,['3.39'],62.0,54.0,53.0,58.0,51.0,72.0,,,,,,
575,C. CLERC,ELCHE CF,DEFENSA,['5.81'],87.0,60.0,71.0,77.0,60.0,75.0,,,,,,
576,NICO FERNANDEZ,ELCHE CF,DEFENSA,,68.375,45.75,58.0,64.25,55.375,71.625,,,,,,
577,P. BIGAS,ELCHE CF,DEFENSA,['3.23'],66.0,48.0,56.0,62.0,56.0,68.0,,,,,,
578,DIEGO GONZALEZ,ELCHE CF,DEFENSA,['4.70'],69.0,40.0,60.0,64.0,49.0,71.0,,,,,,
579,CARMONA,ELCHE CF,DEFENSA,,68.375,45.75,58.0,64.25,55.375,71.625,,,,,,
580,LISANDRO MAGALLAN,ELCHE CF,DEFENSA,['5.20'],53.0,35.0,48.0,55.0,50.0,71.0,,,,,,
581,C. SOLER,ELCHE CF,DEFENSA,,68.375,45.75,58.0,64.25,55.375,71.625,,,,,,
582,JOHN CHETAUYA,ELCHE CF,DEFENSA,,68.375,45.75,58.0,64.25,55.375,71.625,,,,,,
583,G. GUMBAU,ELCHE CF,CENTROCAMPISTA,['6.29'],39.0,63.0,66.0,57.0,50.0,57.0,,,,,,
584,OMAR MASCARELL,ELCHE CF,CENTROCAMPISTA,['5.39'],58.0,64.0,67.0,71.0,58.0,74.0,,,,,,
585,RAUL GUTI,ELCHE CF,CENTROCAMPISTA,['6.80'],61.0,34.0,39.0,41.0,58.0,55.0,,,,,,
586,ALEX COLLADO,ELCHE CF,CENTROCAMPISTA,['4.70'],65.0,68.0,70.0,68.0,50.0,54.0,,,,,,
587,D. QUINA,ELCHE CF,CENTROCAMPISTA,['2.45'],73.0,62.0,62.0,74.0,47.0,59.0,,,,,,
588,ALEX ALFARO,ELCHE CF,CENTROCAMPISTA,,59.2,58.2,60.8,62.2,52.6,59.8,,,,,,
589,R. MENDOZA,ELCHE CF,CENTROCAMPISTA,,59.2,58.2,60.8,62.2,52.6,59.8,,,,,,
590,M. COCCA,ELCHE CF,CENTROCAMPISTA,,59.2,58.2,60.8,62.2,52.6,59.8,,,,,,
591,PERE MILLA,ELCHE CF,DELANTERO,['5.42'],77.0,66.0,66.0,78.0,38.0,68.0,,,,,,
592,L. BOYE,ELCHE CF,DELANTERO,['7.46'],75.0,60.0,64.0,78.0,43.0,71.0,,,,,,
593,FIDEL,ELCHE CF,DELANTERO,['4.14'],75.0,67.0,71.0,74.0,47.0,72.0,,,,,,
594,E. PONCE,ELCHE CF,DELANTERO,['6.54'],77.0,67.0,60.0,75.0,40.0,75.0,,,,,,
595,TETE MORENTE,ELCHE CF,DELANTERO,['5.33'],82.0,71.0,69.0,78.0,38.0,70.0,,,,,,
596,JOSAN,ELCHE CF,DELANTERO,['2.36'],82.0,56.0,55.0,73.0,41.0,61.0,,,,,,
